Time, Demo1, Demo2
0.000000, -18.420092, -5.428094
4.158667, -19.915526, -2.964681
8.317333, -21.410959, -0.471646
12.476000, -22.479598, 2.026101
16.634667, -23.548238, 4.503605
20.793333, -24.147480, 6.936110
24.952000, -24.746723, 9.299311
29.110667, -24.852678, 11.569597
33.269333, -24.958634, 13.724283
37.428000, -24.567079, 15.741841
41.586667, -24.175523, 17.602111
45.745333, -23.302067, 19.286508
